Name,Type 1,Type 2,Total,HP,Attack,Defense,Sp. Atk,Sp. Def,Speed,Generation,Legendary
1,bulbasaur,grass,poison,318,45,49,49,65,65,45,1,False
2,ivysaur,grass,poison,405,60,62,63,80,80,60,1,False
3,venusaur,grass,poison,525,80,82,83,100,100,80,1,False
4,charmander,fire,,309,39,52,43,60,50,65,1,False
5,charmeleon,fire,,405,58,64,58,80,65,80,1,False
6,charizard,fire,flying,534,78,84,78,109,85,100,1,False
7,squirtle,water,,314,44,48,65,50,64,43,1,False
8,wartortle,water,,405,59,63,80,65,80,58,1,False
9,blastoise,water,,530,79,83,100,85,105,78,1,False
10,caterpie,bug,,195,45,30,35,20,20,45,1,False
11,metapod,bug,,205,50,20,55,25,25,30,1,False
12,butterfree,bug,flying,395,60,45,50,90,80,70,1,False
13,weedle,bug,poison,195,40,35,30,20,20,50,1,False
14,kakuna,bug,poison,205,45,25,50,25,25,35,1,False
15,beedrill,bug,poison,395,65,90,40,45,80,75,1,False
16,pidgey,normal,flying,251,40,45,40,35,35,56,1,False
17,pidgeotto,normal,flying,349,63,60,55,50,50,71,1,False
18,pidgeot,normal,flying,479,83,80,75,70,70,101,1,False
19,rattata,normal,,253,30,56,35,25,35,72,1,False
20,raticate,normal,,413,55,81,60,50,70,97,1,False
21,spearow,normal,flying,262,40,60,30,31,31,70,1,False
22,fearow,normal,flying,442,65,90,65,61,61,100,1,False
23,ekans,poison,,288,35,60,44,40,54,55,1,False
24,arbok,poison,,448,60,95,69,65,79,80,1,False
25,pikachu,electric,,320,35,55,40,50,50,90,1,False
26,raichu,electric,,485,60,90,55,90,80,110,1,False
27,sandshrew,ground,,300,50,75,85,20,30,40,1,False
28,sandslash,ground,,450,75,100,110,45,55,65,1,False
29,nidoran-f,poison,,275,55,47,52,40,40,41,1,False
30,nidorina,poison,,365,70,62,67,55,55,56,1,False
31,nidoqueen,poison,ground,505,90,92,87,75,85,76,1,False
32,nidoran-m,poison,,273,46,57,40,40,40,50,1,False
33,nidorino,poison,,365,61,72,57,55,55,65,1,False
34,nidoking,poison,ground,505,81,102,77,85,75,85,1,False
35,clefairy,fairy,,323,70,45,48,60,65,35,1,False
36,clefable,fairy,,483,95,70,73,95,90,60,1,False
37,vulpix,fire,,299,38,41,40,50,65,65,1,False
38,ninetales,fire,,505,73,76,75,81,100,100,1,False
39,jigglypuff,normal,fairy,270,115,45,20,45,25,20,1,False
40,wigglytuff,normal,fairy,435,140,70,45,85,50,45,1,False
41,zubat,poison,flying,245,40,45,35,30,40,55,1,False
42,golbat,poison,flying,455,75,80,70,65,75,90,1,False
43,oddish,grass,poison,320,45,50,55,75,65,30,1,False
44,gloom,grass,poison,395,60,65,70,85,75,40,1,False
45,vileplume,grass,poison,490,75,80,85,110,90,50,1,False
46,paras,bug,grass,285,35,70,55,45,55,25,1,False
47,parasect,bug,grass,405,60,95,80,60,80,30,1,False
48,venonat,bug,poison,305,60,55,50,40,55,45,1,False
49,venomoth,bug,poison,450,70,65,60,90,75,90,1,False
50,diglett,ground,,265,10,55,25,35,45,95,1,False
51,dugtrio,ground,,425,35,100,50,50,70,120,1,False
52,meowth,normal,,290,40,45,35,40,40,90,1,False
53,persian,normal,,440,65,70,60,65,65,115,1,False
54,psyduck,water,,320,50,52,48,65,50,55,1,False
55,golduck,water,,500,80,82,78,95,80,85,1,False
56,mankey,fighting,,305,40,80,35,35,45,70,1,False
57,primeape,fighting,,455,65,105,60,60,70,95,1,False
58,growlithe,fire,,350,55,70,45,70,50,60,1,False
59,arcanine,fire,,555,90,110,80,100,80,95,1,False
60,poliwag,water,,300,40,50,40,40,40,90,1,False
61,poliwhirl,water,,385,65,65,65,50,50,90,1,False
62,poliwrath,water,fighting,510,90,95,95,70,90,70,1,False
63,abra,psychic,,310,25,20,15,105,55,90,1,False
64,kadabra,psychic,,400,40,35,30,120,70,105,1,False
65,alakazam,psychic,,500,55,50,45,135,95,120,1,False
66,machop,fighting,,305,70,80,50,35,35,35,1,False
67,machoke,fighting,,405,80,100,70,50,60,45,1,False
68,machamp,fighting,,505,90,130,80,65,85,55,1,False
69,bellsprout,grass,poison,300,50,75,35,70,30,40,1,False
70,weepinbell,grass,poison,390,65,90,50,85,45,55,1,False
71,victreebel,grass,poison,490,80,105,65,100,70,70,1,False
72,tentacool,water,poison,335,40,40,35,50,100,70,1,False
73,tentacruel,water,poison,515,80,70,65,80,120,100,1,False
74,geodude,rock,ground,300,40,80,100,30,30,20,1,False
75,graveler,rock,ground,390,55,95,115,45,45,35,1,False
76,golem,rock,ground,495,80,120,130,55,65,45,1,False
77,ponyta,fire,,410,50,85,55,65,65,90,1,False
78,rapidash,fire,,500,65,100,70,80,80,105,1,False
79,slowpoke,water,psychic,315,90,65,65,40,40,15,1,False
80,slowbro,water,psychic,490,95,75,110,100,80,30,1,False
81,magnemite,electric,steel,325,25,35,70,95,55,45,1,False
82,magneton,electric,steel,465,50,60,95,120,70,70,1,False
83,farfetchd,normal,flying,377,52,90,55,58,62,60,1,False
84,doduo,normal,flying,310,35,85,45,35,35,75,1,False
85,dodrio,normal,flying,470,60,110,70,60,60,110,1,False
86,seel,water,,325,65,45,55,45,70,45,1,False
87,dewgong,water,ice,475,90,70,80,70,95,70,1,False
88,grimer,poison,,325,80,80,50,40,50,25,1,False
89,muk,poison,,500,105,105,75,65,100,50,1,False
90,shellder,water,,305,30,65,100,45,25,40,1,False
91,cloyster,water,ice,525,50,95,180,85,45,70,1,False
92,gastly,ghost,poison,310,30,35,30,100,35,80,1,False
93,haunter,ghost,poison,405,45,50,45,115,55,95,1,False
94,gengar,ghost,poison,500,60,65,60,130,75,110,1,False
95,onix,rock,ground,385,35,45,160,30,45,70,1,False
96,drowzee,psychic,,328,60,48,45,43,90,42,1,False
97,hypno,psychic,,483,85,73,70,73,115,67,1,False
98,krabby,water,,325,30,105,90,25,25,50,1,False
99,kingler,water,,475,55,130,115,50,50,75,1,False
100,voltorb,electric,,330,40,30,50,55,55,100,1,False
101,electrode,electric,,490,60,50,70,80,80,150,1,False
102,exeggcute,grass,psychic,325,60,40,80,60,45,40,1,False
103,exeggutor,grass,psychic,530,95,95,85,125,75,55,1,False
104,cubone,ground,,320,50,50,95,40,50,35,1,False
105,marowak,ground,,425,60,80,110,50,80,45,1,False
106,hitmonlee,fighting,,455,50,120,53,35,110,87,1,False
107,hitmonchan,fighting,,455,50,105,79,35,110,76,1,False
108,lickitung,normal,,385,90,55,75,60,75,30,1,False
109,koffing,poison,,340,40,65,95,60,45,35,1,False
110,weezing,poison,,490,65,90,120,85,70,60,1,False
111,rhyhorn,ground,rock,345,80,85,95,30,30,25,1,False
112,rhydon,ground,rock,485,105,130,120,45,45,40,1,False
113,chansey,normal,,450,250,5,5,35,105,50,1,False
114,tangela,grass,,435,65,55,115,100,40,60,1,False
115,kangaskhan,normal,,490,105,95,80,40,80,90,1,False
116,horsea,water,,295,30,40,70,70,25,60,1,False
117,seadra,water,,440,55,65,95,95,45,85,1,False
118,goldeen,water,,320,45,67,60,35,50,63,1,False
119,seaking,water,,450,80,92,65,65,80,68,1,False
120,staryu,water,,340,30,45,55,70,55,85,1,False
121,starmie,water,psychic,520,60,75,85,100,85,115,1,False
122,mr-mime,psychic,fairy,460,40,45,65,100,120,90,1,False
123,scyther,bug,flying,500,70,110,80,55,80,105,1,False
124,jynx,ice,psychic,455,65,50,35,115,95,95,1,False
125,electabuzz,electric,,490,65,83,57,95,85,105,1,False
126,magmar,fire,,495,65,95,57,100,85,93,1,False
127,pinsir,bug,,500,65,125,100,55,70,85,1,False
128,tauros,normal,,490,75,100,95,40,70,110,1,False
129,magikarp,water,,200,20,10,55,15,20,80,1,False
130,gyarados,water,flying,540,95,125,79,60,100,81,1,False
131,lapras,water,ice,535,130,85,80,85,95,60,1,False
132,ditto,normal,,288,48,48,48,48,48,48,1,False
133,eevee,normal,,325,55,55,50,45,65,55,1,False
134,vaporeon,water,,525,130,65,60,110,95,65,1,False
135,jolteon,electric,,525,65,65,60,110,95,130,1,False
136,flareon,fire,,525,65,130,60,95,110,65,1,False
137,porygon,normal,,395,65,60,70,85,75,40,1,False
138,omanyte,rock,water,355,35,40,100,90,55,35,1,False
139,omastar,rock,water,495,70,60,125,115,70,55,1,False
140,kabuto,rock,water,355,30,80,90,55,45,55,1,False
141,kabutops,rock,water,495,60,115,105,65,70,80,1,False
142,aerodactyl,rock,flying,515,80,105,65,60,75,130,1,False
143,snorlax,normal,,540,160,110,65,65,110,30,1,False
144,articuno,ice,flying,580,90,85,100,95,125,85,1,True
145,zapdos,electric,flying,580,90,90,85,125,90,100,1,True
146,moltres,fire,flying,580,90,100,90,125,85,90,1,True
147,dratini,dragon,,300,41,64,45,50,50,50,1,False
148,dragonair,dragon,,420,61,84,65,70,70,70,1,False
149,dragonite,dragon,flying,600,91,134,95,100,100,80,1,False
150,mewtwo,psychic,,680,106,110,90,154,90,130,1,True
151,mew,psychic,,600,100,100,100,100,100,100,1,False
152,chikorita,grass,,318,45,49,65,49,65,45,2,False
153,bayleef,grass,,405,60,62,80,63,80,60,2,False
154,meganium,grass,,525,80,82,100,83,100,80,2,False
155,cyndaquil,fire,,309,39,52,43,60,50,65,2,False
156,quilava,fire,,405,58,64,58,80,65,80,2,False
157,typhlosion,fire,,534,78,84,78,109,85,100,2,False
158,totodile,water,,314,50,65,64,44,48,43,2,False
159,croconaw,water,,405,65,80,80,59,63,58,2,False
160,feraligatr,water,,530,85,105,100,79,83,78,2,False
161,sentret,normal,,215,35,46,34,35,45,20,2,False
162,furret,normal,,415,85,76,64,45,55,90,2,False
163,hoothoot,normal,flying,262,60,30,30,36,56,50,2,False
164,noctowl,normal,flying,452,100,50,50,86,96,70,2,False
165,ledyba,bug,flying,265,40,20,30,40,80,55,2,False
166,ledian,bug,flying,390,55,35,50,55,110,85,2,False
167,spinarak,bug,poison,250,40,60,40,40,40,30,2,False
168,ariados,bug,poison,400,70,90,70,60,70,40,2,False
169,crobat,poison,flying,535,85,90,80,70,80,130,2,False
170,chinchou,water,electric,330,75,38,38,56,56,67,2,False
171,lanturn,water,electric,460,125,58,58,76,76,67,2,False
172,pichu,electric,,205,20,40,15,35,35,60,2,False
173,cleffa,fairy,,218,50,25,28,45,55,15,2,False
174,igglybuff,normal,fairy,210,90,30,15,40,20,15,2,False
175,togepi,fairy,,245,35,20,65,40,65,20,2,False
176,togetic,fairy,flying,405,55,40,85,80,105,40,2,False
177,natu,psychic,flying,320,40,50,45,70,45,70,2,False
178,xatu,psychic,flying,470,65,75,70,95,70,95,2,False
179,mareep,electric,,280,55,40,40,65,45,35,2,False
180,flaaffy,electric,,365,70,55,55,80,60,45,2,False
181,ampharos,electric,,510,90,75,85,115,90,55,2,False
182,bellossom,grass,,490,75,80,95,90,100,50,2,False
183,marill,water,fairy,250,70,20,50,20,50,40,2,False
184,azumarill,water,fairy,420,100,50,80,60,80,50,2,False
185,sudowoodo,rock,,410,70,100,115,30,65,30,2,False
186,politoed,water,,500,90,75,75,90,100,70,2,False
187,hoppip,grass,flying,250,35,35,40,35,55,50,2,False
188,skiploom,grass,flying,340,55,45,50,45,65,80,2,False
189,jumpluff,grass,flying,460,75,55,70,55,95,110,2,False
190,aipom,normal,,360,55,70,55,40,55,85,2,False
191,sunkern,grass,,180,30,30,30,30,30,30,2,False
192,sunflora,grass,,425,75,75,55,105,85,30,2,False
193,yanma,bug,flying,390,65,65,45,75,45,95,2,False
194,wooper,water,ground,210,55,45,45,25,25,15,2,False
195,quagsire,water,ground,430,95,85,85,65,65,35,2,False
196,espeon,psychic,,525,65,65,60,130,95,110,2,False
197,umbreon,dark,,525,95,65,110,60,130,65,2,False
198,murkrow,dark,flying,405,60,85,42,85,42,91,2,False
199,slowking,water,psychic,490,95,75,80,100,110,30,2,False
200,misdreavus,ghost,,435,60,60,60,85,85,85,2,False
201,unown,psychic,,336,48,72,48,72,48,48,2,False
202,wobbuffet,psychic,,405,190,33,58,33,58,33,2,False
203,girafarig,normal,psychic,455,70,80,65,90,65,85,2,False
204,pineco,bug,,290,50,65,90,35,35,15,2,False
205,forretress,bug,steel,465,75,90,140,60,60,40,2,False
206,dunsparce,normal,,415,100,70,70,65,65,45,2,False
207,gligar,ground,flying,430,65,75,105,35,65,85,2,False
208,steelix,steel,ground,510,75,85,200,55,65,30,2,False
209,snubbull,fairy,,300,60,80,50,40,40,30,2,False
210,granbull,fairy,,450,90,120,75,60,60,45,2,False
211,qwilfish,water,poison,440,65,95,85,55,55,85,2,False
212,scizor,bug,steel,500,70,130,100,55,80,65,2,False
213,shuckle,bug,rock,505,20,10,230,10,230,5,2,False
214,heracross,bug,fighting,500,80,125,75,40,95,85,2,False
215,sneasel,dark,ice,430,55,95,55,35,75,115,2,False
216,teddiursa,normal,,330,60,80,50,50,50,40,2,False
217,ursaring,normal,,500,90,130,75,75,75,55,2,False
218,slugma,fire,,250,40,40,40,70,40,20,2,False
219,magcargo,fire,rock,430,60,50,120,90,80,30,2,False
220,swinub,ice,ground,250,50,50,40,30,30,50,2,False
221,piloswine,ice,ground,450,100,100,80,60,60,50,2,False
222,corsola,water,rock,410,65,55,95,65,95,35,2,False
223,remoraid,water,,300,35,65,35,65,35,65,2,False
224,octillery,water,,480,75,105,75,105,75,45,2,False
225,delibird,ice,flying,330,45,55,45,65,45,75,2,False
226,mantine,water,flying,485,85,40,70,80,140,70,2,False
227,skarmory,steel,flying,465,65,80,140,40,70,70,2,False
228,houndour,dark,fire,330,45,60,30,80,50,65,2,False
229,houndoom,dark,fire,500,75,90,50,110,80,95,2,False
230,kingdra,water,dragon,540,75,95,95,95,95,85,2,False
231,phanpy,ground,,330,90,60,60,40,40,40,2,False
232,donphan,ground,,500,90,120,120,60,60,50,2,False
233,porygon2,normal,,515,85,80,90,105,95,60,2,False
234,stantler,normal,,465,73,95,62,85,65,85,2,False
235,smeargle,normal,,250,55,20,35,20,45,75,2,False
236,tyrogue,fighting,,210,35,35,35,35,35,35,2,False
237,hitmontop,fighting,,455,50,95,95,35,110,70,2,False
238,smoochum,ice,psychic,305,45,30,15,85,65,65,2,False
239,elekid,electric,,360,45,63,37,65,55,95,2,False
240,magby,fire,,365,45,75,37,70,55,83,2,False
241,miltank,normal,,490,95,80,105,40,70,100,2,False
242,blissey,normal,,540,255,10,10,75,135,55,2,False
243,raikou,electric,,580,90,85,75,115,100,115,2,True
244,entei,fire,,580,115,115,85,90,75,100,2,True
245,suicune,water,,580,100,75,115,90,115,85,2,True
246,larvitar,rock,ground,300,50,64,50,45,50,41,2,False
247,pupitar,rock,ground,410,70,84,70,65,70,51,2,False
248,tyranitar,rock,dark,600,100,134,110,95,100,61,2,False
249,lugia,psychic,flying,680,106,90,130,90,154,110,2,True
250,ho-oh,fire,flying,680,106,130,90,110,154,90,2,True
251,celebi,psychic,grass,600,100,100,100,100,100,100,2,False
252,treecko,grass,,310,40,45,35,65,55,70,3,False
253,grovyle,grass,,405,50,65,45,85,65,95,3,False
254,sceptile,grass,,530,70,85,65,105,85,120,3,False
255,torchic,fire,,310,45,60,40,70,50,45,3,False
256,combusken,fire,fighting,405,60,85,60,85,60,55,3,False
257,blaziken,fire,fighting,530,80,120,70,110,70,80,3,False
258,mudkip,water,,310,50,70,50,50,50,40,3,False
259,marshtomp,water,ground,405,70,85,70,60,70,50,3,False
260,swampert,water,ground,535,100,110,90,85,90,60,3,False
261,poochyena,dark,,220,35,55,35,30,30,35,3,False
262,mightyena,dark,,420,70,90,70,60,60,70,3,False
263,zigzagoon,normal,,240,38,30,41,30,41,60,3,False
264,linoone,normal,,420,78,70,61,50,61,100,3,False
265,wurmple,bug,,195,45,45,35,20,30,20,3,False
266,silcoon,bug,,205,50,35,55,25,25,15,3,False
267,beautifly,bug,flying,395,60,70,50,100,50,65,3,False
268,cascoon,bug,,205,50,35,55,25,25,15,3,False
269,dustox,bug,poison,385,60,50,70,50,90,65,3,False
270,lotad,water,grass,220,40,30,30,40,50,30,3,False
271,lombre,water,grass,340,60,50,50,60,70,50,3,False
272,ludicolo,water,grass,480,80,70,70,90,100,70,3,False
273,seedot,grass,,220,40,40,50,30,30,30,3,False
274,nuzleaf,grass,dark,340,70,70,40,60,40,60,3,False
275,shiftry,grass,dark,480,90,100,60,90,60,80,3,False
276,taillow,normal,flying,270,40,55,30,30,30,85,3,False
277,swellow,normal,flying,455,60,85,60,75,50,125,3,False
278,wingull,water,flying,270,40,30,30,55,30,85,3,False
279,pelipper,water,flying,440,60,50,100,95,70,65,3,False
280,ralts,psychic,fairy,198,28,25,25,45,35,40,3,False
281,kirlia,psychic,fairy,278,38,35,35,65,55,50,3,False
282,gardevoir,psychic,fairy,518,68,65,65,125,115,80,3,False
283,surskit,bug,water,269,40,30,32,50,52,65,3,False
284,masquerain,bug,flying,454,70,60,62,100,82,80,3,False
285,shroomish,grass,,295,60,40,60,40,60,35,3,False
286,breloom,grass,fighting,460,60,130,80,60,60,70,3,False
287,slakoth,normal,,280,60,60,60,35,35,30,3,False
288,vigoroth,normal,,440,80,80,80,55,55,90,3,False
289,slaking,normal,,670,150,160,100,95,65,100,3,False
290,nincada,bug,ground,266,31,45,90,30,30,40,3,False
291,ninjask,bug,flying,456,61,90,45,50,50,160,3,False
292,shedinja,bug,ghost,236,1,90,45,30,30,40,3,False
293,whismur,normal,,240,64,51,23,51,23,28,3,False
294,loudred,normal,,360,84,71,43,71,43,48,3,False
295,exploud,normal,,490,104,91,63,91,73,68,3,False
296,makuhita,fighting,,237,72,60,30,20,30,25,3,False
297,hariyama,fighting,,474,144,120,60,40,60,50,3,False
298,azurill,normal,fairy,190,50,20,40,20,40,20,3,False
299,nosepass,rock,,375,30,45,135,45,90,30,3,False
300,skitty,normal,,260,50,45,45,35,35,50,3,False
301,delcatty,normal,,400,70,65,65,55,55,90,3,False
302,sableye,dark,ghost,380,50,75,75,65,65,50,3,False
303,mawile,steel,fairy,380,50,85,85,55,55,50,3,False
304,aron,steel,rock,330,50,70,100,40,40,30,3,False
305,lairon,steel,rock,430,60,90,140,50,50,40,3,False
306,aggron,steel,rock,530,70,110,180,60,60,50,3,False
307,meditite,fighting,psychic,280,30,40,55,40,55,60,3,False
308,medicham,fighting,psychic,410,60,60,75,60,75,80,3,False
309,electrike,electric,,295,40,45,40,65,40,65,3,False
310,manectric,electric,,475,70,75,60,105,60,105,3,False
311,plusle,electric,,405,60,50,40,85,75,95,3,False
312,minun,electric,,405,60,40,50,75,85,95,3,False
313,volbeat,bug,,430,65,73,75,47,85,85,3,False
314,illumise,bug,,430,65,47,75,73,85,85,3,False
315,roselia,grass,poison,400,50,60,45,100,80,65,3,False
316,gulpin,poison,,302,70,43,53,43,53,40,3,False
317,swalot,poison,,467,100,73,83,73,83,55,3,False
318,carvanha,water,dark,305,45,90,20,65,20,65,3,False
319,sharpedo,water,dark,460,70,120,40,95,40,95,3,False
320,wailmer,water,,400,130,70,35,70,35,60,3,False
321,wailord,water,,500,170,90,45,90,45,60,3,False
322,numel,fire,ground,305,60,60,40,65,45,35,3,False
323,camerupt,fire,ground,460,70,100,70,105,75,40,3,False
324,torkoal,fire,,470,70,85,140,85,70,20,3,False
325,spoink,psychic,,330,60,25,35,70,80,60,3,False
326,grumpig,psychic,,470,80,45,65,90,110,80,3,False
327,spinda,normal,,360,60,60,60,60,60,60,3,False
328,trapinch,ground,,290,45,100,45,45,45,10,3,False
329,vibrava,ground,dragon,340,50,70,50,50,50,70,3,False
330,flygon,ground,dragon,520,80,100,80,80,80,100,3,False
331,cacnea,grass,,335,50,85,40,85,40,35,3,False
332,cacturne,grass,dark,475,70,115,60,115,60,55,3,False
333,swablu,normal,flying,310,45,40,60,40,75,50,3,False
334,altaria,dragon,flying,490,75,70,90,70,105,80,3,False
335,zangoose,normal,,458,73,115,60,60,60,90,3,False
336,seviper,poison,,458,73,100,60,100,60,65,3,False
337,lunatone,rock,psychic,460,90,55,65,95,85,70,3,False
338,solrock,rock,psychic,460,90,95,85,55,65,70,3,False
339,barboach,water,ground,288,50,48,43,46,41,60,3,False
340,whiscash,water,ground,468,110,78,73,76,71,60,3,False
341,corphish,water,,308,43,80,65,50,35,35,3,False
342,crawdaunt,water,dark,468,63,120,85,90,55,55,3,False
343,baltoy,ground,psychic,300,40,40,55,40,70,55,3,False
344,claydol,ground,psychic,500,60,70,105,70,120,75,3,False
345,lileep,rock,grass,355,66,41,77,61,87,23,3,False
346,cradily,rock,grass,495,86,81,97,81,107,43,3,False
347,anorith,rock,bug,355,45,95,50,40,50,75,3,False
348,armaldo,rock,bug,495,75,125,100,70,80,45,3,False
349,feebas,water,,200,20,15,20,10,55,80,3,False
350,milotic,water,,540,95,60,79,100,125,81,3,False
351,castform,normal,,420,70,70,70,70,70,70,3,False
352,kecleon,normal,,440,60,90,70,60,120,40,3,False
353,shuppet,ghost,,295,44,75,35,63,33,45,3,False
354,banette,ghost,,455,64,115,65,83,63,65,3,False
355,duskull,ghost,,295,20,40,90,30,90,25,3,False
356,dusclops,ghost,,455,40,70,130,60,130,25,3,False
357,tropius,grass,flying,460,99,68,83,72,87,51,3,False
358,chimecho,psychic,,455,75,50,80,95,90,65,3,False
359,absol,dark,,465,65,130,60,75,60,75,3,False
360,wynaut,psychic,,260,95,23,48,23,48,23,3,False
361,snorunt,ice,,300,50,50,50,50,50,50,3,False
362,glalie,ice,,480,80,80,80,80,80,80,3,False
363,spheal,ice,water,290,70,40,50,55,50,25,3,False
364,sealeo,ice,water,410,90,60,70,75,70,45,3,False
365,walrein,ice,water,530,110,80,90,95,90,65,3,False
366,clamperl,water,,345,35,64,85,74,55,32,3,False
367,huntail,water,,485,55,104,105,94,75,52,3,False
368,gorebyss,water,,485,55,84,105,114,75,52,3,False
369,relicanth,water,rock,485,100,90,130,45,65,55,3,False
370,luvdisc,water,,330,43,30,55,40,65,97,3,False
371,bagon,dragon,,300,45,75,60,40,30,50,3,False
372,shelgon,dragon,,420,65,95,100,60,50,50,3,False
373,salamence,dragon,flying,600,95,135,80,110,80,100,3,False
374,beldum,steel,psychic,300,40,55,80,35,60,30,3,False
375,metang,steel,psychic,420,60,75,100,55,80,50,3,False
376,metagross,steel,psychic,600,80,135,130,95,90,70,3,False
377,regirock,rock,,580,80,100,200,50,100,50,3,True
378,regice,ice,,580,80,50,100,100,200,50,3,True
379,registeel,steel,,580,80,75,150,75,150,50,3,True
380,latias,dragon,psychic,600,80,80,90,110,130,110,3,True
381,latios,dragon,psychic,600,80,90,80,130,110,110,3,True
382,kyogre,water,,670,100,100,90,150,140,90,3,True
383,groudon,ground,,670,100,150,140,100,90,90,3,True
384,rayquaza,dragon,flying,680,105,150,90,150,90,95,3,True
385,jirachi,steel,psychic,600,100,100,100,100,100,100,3,False
386,deoxys-normal,psychic,,600,50,150,50,150,50,150,3,False
387,turtwig,grass,,318,55,68,64,45,55,31,4,False
388,grotle,grass,,405,75,89,85,55,65,36,4,False
389,torterra,grass,ground,525,95,109,105,75,85,56,4,False
390,chimchar,fire,,309,44,58,44,58,44,61,4,False
391,monferno,fire,fighting,405,64,78,52,78,52,81,4,False
392,infernape,fire,fighting,534,76,104,71,104,71,108,4,False
393,piplup,water,,314,53,51,53,61,56,40,4,False
394,prinplup,water,,405,64,66,68,81,76,50,4,False
395,empoleon,water,steel,530,84,86,88,111,101,60,4,False
396,starly,normal,flying,245,40,55,30,30,30,60,4,False
397,staravia,normal,flying,340,55,75,50,40,40,80,4,False
398,staraptor,normal,flying,485,85,120,70,50,60,100,4,False
399,bidoof,normal,,250,59,45,40,35,40,31,4,False
400,bibarel,normal,water,410,79,85,60,55,60,71,4,False
401,kricketot,bug,,194,37,25,41,25,41,25,4,False
402,kricketune,bug,,384,77,85,51,55,51,65,4,False
403,shinx,electric,,263,45,65,34,40,34,45,4,False
404,luxio,electric,,363,60,85,49,60,49,60,4,False
405,luxray,electric,,523,80,120,79,95,79,70,4,False
406,budew,grass,poison,280,40,30,35,50,70,55,4,False
407,roserade,grass,poison,515,60,70,65,125,105,90,4,False
408,cranidos,rock,,350,67,125,40,30,30,58,4,False
409,rampardos,rock,,495,97,165,60,65,50,58,4,False
410,shieldon,rock,steel,350,30,42,118,42,88,30,4,False
411,bastiodon,rock,steel,495,60,52,168,47,138,30,4,False
412,burmy,bug,,224,40,29,45,29,45,36,4,False
413,wormadam-plant,bug,grass,424,60,59,85,79,105,36,4,False
414,mothim,bug,flying,424,70,94,50,94,50,66,4,False
415,combee,bug,flying,244,30,30,42,30,42,70,4,False
416,vespiquen,bug,flying,474,70,80,102,80,102,40,4,False
417,pachirisu,electric,,405,60,45,70,45,90,95,4,False
418,buizel,water,,330,55,65,35,60,30,85,4,False
419,floatzel,water,,495,85,105,55,85,50,115,4,False
420,cherubi,grass,,275,45,35,45,62,53,35,4,False
421,cherrim,grass,,450,70,60,70,87,78,85,4,False
422,shellos,water,,325,76,48,48,57,62,34,4,False
423,gastrodon,water,ground,475,111,83,68,92,82,39,4,False
424,ambipom,normal,,482,75,100,66,60,66,115,4,False
425,drifloon,ghost,flying,348,90,50,34,60,44,70,4,False
426,drifblim,ghost,flying,498,150,80,44,90,54,80,4,False
427,buneary,normal,,350,55,66,44,44,56,85,4,False
428,lopunny,normal,,480,65,76,84,54,96,105,4,False
429,mismagius,ghost,,495,60,60,60,105,105,105,4,False
430,honchkrow,dark,flying,505,100,125,52,105,52,71,4,False
431,glameow,normal,,310,49,55,42,42,37,85,4,False
432,purugly,normal,,452,71,82,64,64,59,112,4,False
433,chingling,psychic,,285,45,30,50,65,50,45,4,False
434,stunky,poison,dark,329,63,63,47,41,41,74,4,False
435,skuntank,poison,dark,479,103,93,67,71,61,84,4,False
436,bronzor,steel,psychic,300,57,24,86,24,86,23,4,False
437,bronzong,steel,psychic,500,67,89,116,79,116,33,4,False
438,bonsly,rock,,290,50,80,95,10,45,10,4,False
439,mime-jr,psychic,fairy,310,20,25,45,70,90,60,4,False
440,happiny,normal,,220,100,5,5,15,65,30,4,False
441,chatot,normal,flying,411,76,65,45,92,42,91,4,False
442,spiritomb,ghost,dark,485,50,92,108,92,108,35,4,False
443,gible,dragon,ground,300,58,70,45,40,45,42,4,False
444,gabite,dragon,ground,410,68,90,65,50,55,82,4,False
445,garchomp,dragon,ground,600,108,130,95,80,85,102,4,False
446,munchlax,normal,,390,135,85,40,40,85,5,4,False
447,riolu,fighting,,285,40,70,40,35,40,60,4,False
448,lucario,fighting,steel,525,70,110,70,115,70,90,4,False
449,hippopotas,ground,,330,68,72,78,38,42,32,4,False
450,hippowdon,ground,,525,108,112,118,68,72,47,4,False
451,skorupi,poison,bug,330,40,50,90,30,55,65,4,False
452,drapion,poison,dark,500,70,90,110,60,75,95,4,False
453,croagunk,poison,fighting,300,48,61,40,61,40,50,4,False
454,toxicroak,poison,fighting,490,83,106,65,86,65,85,4,False
455,carnivine,grass,,454,74,100,72,90,72,46,4,False
456,finneon,water,,330,49,49,56,49,61,66,4,False
457,lumineon,water,,460,69,69,76,69,86,91,4,False
458,mantyke,water,flying,345,45,20,50,60,120,50,4,False
459,snover,grass,ice,334,60,62,50,62,60,40,4,False
460,abomasnow,grass,ice,494,90,92,75,92,85,60,4,False
461,weavile,dark,ice,510,70,120,65,45,85,125,4,False
462,magnezone,electric,steel,535,70,70,115,130,90,60,4,False
463,lickilicky,normal,,515,110,85,95,80,95,50,4,False
464,rhyperior,ground,rock,535,115,140,130,55,55,40,4,False
465,tangrowth,grass,,535,100,100,125,110,50,50,4,False
466,electivire,electric,,540,75,123,67,95,85,95,4,False
467,magmortar,fire,,540,75,95,67,125,95,83,4,False
468,togekiss,fairy,flying,545,85,50,95,120,115,80,4,False
469,yanmega,bug,flying,515,86,76,86,116,56,95,4,False
470,leafeon,grass,,525,65,110,130,60,65,95,4,False
471,glaceon,ice,,525,65,60,110,130,95,65,4,False
472,gliscor,ground,flying,510,75,95,125,45,75,95,4,False
473,mamoswine,ice,ground,530,110,130,80,70,60,80,4,False
474,porygon-z,normal,,535,85,80,70,135,75,90,4,False
475,gallade,psychic,fighting,518,68,125,65,65,115,80,4,False
476,probopass,rock,steel,525,60,55,145,75,150,40,4,False
477,dusknoir,ghost,,525,45,100,135,65,135,45,4,False
478,froslass,ice,ghost,480,70,80,70,80,70,110,4,False
479,rotom,electric,ghost,440,50,50,77,95,77,91,4,False
480,uxie,psychic,,580,75,75,130,75,130,95,4,True
481,mesprit,psychic,,580,80,105,105,105,105,80,4,True
482,azelf,psychic,,580,75,125,70,125,70,115,4,True
483,dialga,steel,dragon,680,100,120,120,150,100,90,4,True
484,palkia,water,dragon,680,90,120,100,150,120,100,4,True
485,heatran,fire,steel,600,91,90,106,130,106,77,4,True
486,regigigas,normal,,670,110,160,110,80,110,100,4,True
487,giratina-altered,ghost,dragon,680,150,100,120,100,120,90,4,True
488,cresselia,psychic,,580,120,70,110,75,120,85,4,True
489,phione,water,,480,80,80,80,80,80,80,4,False
490,manaphy,water,,600,100,100,100,100,100,100,4,False
491,darkrai,dark,,600,70,90,90,135,90,125,4,False
492,shaymin-land,grass,,600,100,100,100,100,100,100,4,False
493,arceus,normal,,720,120,120,120,120,120,120,4,False
494,victini,psychic,fire,600,100,100,100,100,100,100,5,False
495,snivy,grass,,308,45,45,55,45,55,63,5,False
496,servine,grass,,413,60,60,75,60,75,83,5,False
497,serperior,grass,,528,75,75,95,75,95,113,5,False
498,tepig,fire,,308,65,63,45,45,45,45,5,False
499,pignite,fire,fighting,418,90,93,55,70,55,55,5,False
500,emboar,fire,fighting,528,110,123,65,100,65,65,5,False
501,oshawott,water,,308,55,55,45,63,45,45,5,False
502,dewott,water,,413,75,75,60,83,60,60,5,False
503,samurott,water,,528,95,100,85,108,70,70,5,False
504,patrat,normal,,255,45,55,39,35,39,42,5,False
505,watchog,normal,,420,60,85,69,60,69,77,5,False
506,lillipup,normal,,275,45,60,45,25,45,55,5,False
507,herdier,normal,,370,65,80,65,35,65,60,5,False
508,stoutland,normal,,500,85,110,90,45,90,80,5,False
509,purrloin,dark,,281,41,50,37,50,37,66,5,False
510,liepard,dark,,446,64,88,50,88,50,106,5,False
511,pansage,grass,,316,50,53,48,53,48,64,5,False
512,simisage,grass,,498,75,98,63,98,63,101,5,False
513,pansear,fire,,316,50,53,48,53,48,64,5,False
514,simisear,fire,,498,75,98,63,98,63,101,5,False
515,panpour,water,,316,50,53,48,53,48,64,5,False
516,simipour,water,,498,75,98,63,98,63,101,5,False
517,munna,psychic,,292,76,25,45,67,55,24,5,False
518,musharna,psychic,,487,116,55,85,107,95,29,5,False
519,pidove,normal,flying,264,50,55,50,36,30,43,5,False
520,tranquill,normal,flying,358,62,77,62,50,42,65,5,False
521,unfezant,normal,flying,488,80,115,80,65,55,93,5,False
522,blitzle,electric,,295,45,60,32,50,32,76,5,False
523,zebstrika,electric,,497,75,100,63,80,63,116,5,False
524,roggenrola,rock,,280,55,75,85,25,25,15,5,False
525,boldore,rock,,390,70,105,105,50,40,20,5,False
526,gigalith,rock,,515,85,135,130,60,80,25,5,False
527,woobat,psychic,flying,323,65,45,43,55,43,72,5,False
528,swoobat,psychic,flying,425,67,57,55,77,55,114,5,False
529,drilbur,ground,,328,60,85,40,30,45,68,5,False
530,excadrill,ground,steel,508,110,135,60,50,65,88,5,False
531,audino,normal,,445,103,60,86,60,86,50,5,False
532,timburr,fighting,,305,75,80,55,25,35,35,5,False
533,gurdurr,fighting,,405,85,105,85,40,50,40,5,False
534,conkeldurr,fighting,,505,105,140,95,55,65,45,5,False
535,tympole,water,,294,50,50,40,50,40,64,5,False
536,palpitoad,water,ground,384,75,65,55,65,55,69,5,False
537,seismitoad,water,ground,509,105,95,75,85,75,74,5,False
538,throh,fighting,,465,120,100,85,30,85,45,5,False
539,sawk,fighting,,465,75,125,75,30,75,85,5,False
540,sewaddle,bug,grass,310,45,53,70,40,60,42,5,False
541,swadloon,bug,grass,380,55,63,90,50,80,42,5,False
542,leavanny,bug,grass,500,75,103,80,70,80,92,5,False
543,venipede,bug,poison,260,30,45,59,30,39,57,5,False
544,whirlipede,bug,poison,360,40,55,99,40,79,47,5,False
545,scolipede,bug,poison,485,60,100,89,55,69,112,5,False
546,cottonee,grass,fairy,280,40,27,60,37,50,66,5,False
547,whimsicott,grass,fairy,480,60,67,85,77,75,116,5,False
548,petilil,grass,,280,45,35,50,70,50,30,5,False
549,lilligant,grass,,480,70,60,75,110,75,90,5,False
550,basculin-red-striped,water,,460,70,92,65,80,55,98,5,False
551,sandile,ground,dark,292,50,72,35,35,35,65,5,False
552,krokorok,ground,dark,351,60,82,45,45,45,74,5,False
553,krookodile,ground,dark,519,95,117,80,65,70,92,5,False
554,darumaka,fire,,315,70,90,45,15,45,50,5,False
555,darmanitan-standard,fire,,480,105,140,55,30,55,95,5,False
556,maractus,grass,,461,75,86,67,106,67,60,5,False
557,dwebble,bug,rock,325,50,65,85,35,35,55,5,False
558,crustle,bug,rock,485,70,105,125,65,75,45,5,False
559,scraggy,dark,fighting,348,50,75,70,35,70,48,5,False
560,scrafty,dark,fighting,488,65,90,115,45,115,58,5,False
561,sigilyph,psychic,flying,490,72,58,80,103,80,97,5,False
562,yamask,ghost,,303,38,30,85,55,65,30,5,False
563,cofagrigus,ghost,,483,58,50,145,95,105,30,5,False
564,tirtouga,water,rock,355,54,78,103,53,45,22,5,False
565,carracosta,water,rock,495,74,108,133,83,65,32,5,False
566,archen,rock,flying,401,55,112,45,74,45,70,5,False
567,archeops,rock,flying,567,75,140,65,112,65,110,5,False
568,trubbish,poison,,329,50,50,62,40,62,65,5,False
569,garbodor,poison,,474,80,95,82,60,82,75,5,False
570,zorua,dark,,330,40,65,40,80,40,65,5,False
571,zoroark,dark,,510,60,105,60,120,60,105,5,False
572,minccino,normal,,300,55,50,40,40,40,75,5,False
573,cinccino,normal,,470,75,95,60,65,60,115,5,False
574,gothita,psychic,,290,45,30,50,55,65,45,5,False
575,gothorita,psychic,,390,60,45,70,75,85,55,5,False
576,gothitelle,psychic,,490,70,55,95,95,110,65,5,False
577,solosis,psychic,,290,45,30,40,105,50,20,5,False
578,duosion,psychic,,370,65,40,50,125,60,30,5,False
579,reuniclus,psychic,,490,110,65,75,125,85,30,5,False
580,ducklett,water,flying,305,62,44,50,44,50,55,5,False
581,swanna,water,flying,473,75,87,63,87,63,98,5,False
582,vanillite,ice,,305,36,50,50,65,60,44,5,False
583,vanillish,ice,,395,51,65,65,80,75,59,5,False
584,vanilluxe,ice,,535,71,95,85,110,95,79,5,False
585,deerling,normal,grass,335,60,60,50,40,50,75,5,False
586,sawsbuck,normal,grass,475,80,100,70,60,70,95,5,False
587,emolga,electric,flying,428,55,75,60,75,60,103,5,False
588,karrablast,bug,,315,50,75,45,40,45,60,5,False
589,escavalier,bug,steel,495,70,135,105,60,105,20,5,False
590,foongus,grass,poison,294,69,55,45,55,55,15,5,False
591,amoonguss,grass,poison,464,114,85,70,85,80,30,5,False
592,frillish,water,ghost,335,55,40,50,65,85,40,5,False
593,jellicent,water,ghost,480,100,60,70,85,105,60,5,False
594,alomomola,water,,470,165,75,80,40,45,65,5,False
595,joltik,bug,electric,319,50,47,50,57,50,65,5,False
596,galvantula,bug,electric,472,70,77,60,97,60,108,5,False
597,ferroseed,grass,steel,305,44,50,91,24,86,10,5,False
598,ferrothorn,grass,steel,489,74,94,131,54,116,20,5,False
599,klink,steel,,300,40,55,70,45,60,30,5,False
600,klang,steel,,440,60,80,95,70,85,50,5,False
601,klinklang,steel,,520,60,100,115,70,85,90,5,False
602,tynamo,electric,,275,35,55,40,45,40,60,5,False
603,eelektrik,electric,,405,65,85,70,75,70,40,5,False
604,eelektross,electric,,515,85,115,80,105,80,50,5,False
605,elgyem,psychic,,335,55,55,55,85,55,30,5,False
606,beheeyem,psychic,,485,75,75,75,125,95,40,5,False
607,litwick,ghost,fire,275,50,30,55,65,55,20,5,False
608,lampent,ghost,fire,370,60,40,60,95,60,55,5,False
609,chandelure,ghost,fire,520,60,55,90,145,90,80,5,False
610,axew,dragon,,320,46,87,60,30,40,57,5,False
611,fraxure,dragon,,410,66,117,70,40,50,67,5,False
612,haxorus,dragon,,540,76,147,90,60,70,97,5,False
613,cubchoo,ice,,305,55,70,40,60,40,40,5,False
614,beartic,ice,,505,95,130,80,70,80,50,5,False
615,cryogonal,ice,,515,80,50,50,95,135,105,5,False
616,shelmet,bug,,305,50,40,85,40,65,25,5,False
617,accelgor,bug,,495,80,70,40,100,60,145,5,False
618,stunfisk,ground,electric,471,109,66,84,81,99,32,5,False
619,mienfoo,fighting,,350,45,85,50,55,50,65,5,False
620,mienshao,fighting,,510,65,125,60,95,60,105,5,False
621,druddigon,dragon,,485,77,120,90,60,90,48,5,False
622,golett,ground,ghost,303,59,74,50,35,50,35,5,False
623,golurk,ground,ghost,483,89,124,80,55,80,55,5,False
624,pawniard,dark,steel,340,45,85,70,40,40,60,5,False
625,bisharp,dark,steel,490,65,125,100,60,70,70,5,False
626,bouffalant,normal,,490,95,110,95,40,95,55,5,False
627,rufflet,normal,flying,350,70,83,50,37,50,60,5,False
628,braviary,normal,flying,510,100,123,75,57,75,80,5,False
629,vullaby,dark,flying,370,70,55,75,45,65,60,5,False
630,mandibuzz,dark,flying,510,110,65,105,55,95,80,5,False
631,heatmor,fire,,484,85,97,66,105,66,65,5,False
632,durant,bug,steel,484,58,109,112,48,48,109,5,False
633,deino,dark,dragon,300,52,65,50,45,50,38,5,False
634,zweilous,dark,dragon,420,72,85,70,65,70,58,5,False
635,hydreigon,dark,dragon,600,92,105,90,125,90,98,5,False
636,larvesta,bug,fire,360,55,85,55,50,55,60,5,False
637,volcarona,bug,fire,550,85,60,65,135,105,100,5,False
638,cobalion,steel,fighting,580,91,90,129,90,72,108,5,True
639,terrakion,rock,fighting,580,91,129,90,72,90,108,5,True
640,virizion,grass,fighting,580,91,90,72,90,129,108,5,True
641,tornadus-incarnate,flying,,580,79,115,70,125,80,111,5,True
642,thundurus-incarnate,electric,flying,580,79,115,70,125,80,111,5,True
643,reshiram,dragon,fire,680,100,120,100,150,120,90,5,True
644,zekrom,dragon,electric,680,100,150,120,120,100,90,5,True
645,landorus-incarnate,ground,flying,600,89,125,90,115,80,101,5,True
646,kyurem,dragon,ice,660,125,130,90,130,90,95,5,True
647,keldeo-ordinary,water,fighting,580,91,72,90,129,90,108,5,False
648,meloetta-aria,normal,psychic,600,100,77,77,128,128,90,5,False
649,genesect,bug,steel,600,71,120,95,120,95,99,5,False
650,chespin,grass,,313,56,61,65,48,45,38,6,False
651,quilladin,grass,,405,61,78,95,56,58,57,6,False
652,chesnaught,grass,fighting,530,88,107,122,74,75,64,6,False
653,fennekin,fire,,307,40,45,40,62,60,60,6,False
654,braixen,fire,,409,59,59,58,90,70,73,6,False
655,delphox,fire,psychic,534,75,69,72,114,100,104,6,False
656,froakie,water,,314,41,56,40,62,44,71,6,False
657,frogadier,water,,405,54,63,52,83,56,97,6,False
658,greninja,water,dark,530,72,95,67,103,71,122,6,False
659,bunnelby,normal,,237,38,36,38,32,36,57,6,False
660,diggersby,normal,ground,423,85,56,77,50,77,78,6,False
661,fletchling,normal,flying,278,45,50,43,40,38,62,6,False
662,fletchinder,fire,flying,382,62,73,55,56,52,84,6,False
663,talonflame,fire,flying,499,78,81,71,74,69,126,6,False
664,scatterbug,bug,,200,38,35,40,27,25,35,6,False
665,spewpa,bug,,213,45,22,60,27,30,29,6,False
666,vivillon,bug,flying,411,80,52,50,90,50,89,6,False
667,litleo,fire,normal,369,62,50,58,73,54,72,6,False
668,pyroar,fire,normal,507,86,68,72,109,66,106,6,False
669,flabebe,fairy,,303,44,38,39,61,79,42,6,False
670,floette,fairy,,371,54,45,47,75,98,52,6,False
671,florges,fairy,,552,78,65,68,112,154,75,6,False
672,skiddo,grass,,350,66,65,48,62,57,52,6,False
673,gogoat,grass,,531,123,100,62,97,81,68,6,False
674,pancham,fighting,,348,67,82,62,46,48,43,6,False
675,pangoro,fighting,dark,495,95,124,78,69,71,58,6,False
676,furfrou,normal,,472,75,80,60,65,90,102,6,False
677,espurr,psychic,,355,62,48,54,63,60,68,6,False
678,meowstic-male,psychic,,466,74,48,76,83,81,104,6,False
679,honedge,steel,ghost,325,45,80,100,35,37,28,6,False
680,doublade,steel,ghost,448,59,110,150,45,49,35,6,False
681,aegislash-shield,steel,ghost,500,60,50,140,50,140,60,6,False
682,spritzee,fairy,,341,78,52,60,63,65,23,6,False
683,aromatisse,fairy,,462,101,72,72,99,89,29,6,False
684,swirlix,fairy,,341,62,48,66,59,57,49,6,False
685,slurpuff,fairy,,480,82,80,86,85,75,72,6,False
686,inkay,dark,psychic,288,53,54,53,37,46,45,6,False
687,malamar,dark,psychic,482,86,92,88,68,75,73,6,False
688,binacle,rock,water,306,42,52,67,39,56,50,6,False
689,barbaracle,rock,water,500,72,105,115,54,86,68,6,False
690,skrelp,poison,water,320,50,60,60,60,60,30,6,False
691,dragalge,poison,dragon,494,65,75,90,97,123,44,6,False
692,clauncher,water,,330,50,53,62,58,63,44,6,False
693,clawitzer,water,,500,71,73,88,120,89,59,6,False
694,helioptile,electric,normal,289,44,38,33,61,43,70,6,False
695,heliolisk,electric,normal,481,62,55,52,109,94,109,6,False
696,tyrunt,rock,dragon,362,58,89,77,45,45,48,6,False
697,tyrantrum,rock,dragon,521,82,121,119,69,59,71,6,False
698,amaura,rock,ice,362,77,59,50,67,63,46,6,False
699,aurorus,rock,ice,521,123,77,72,99,92,58,6,False
700,sylveon,fairy,,525,95,65,65,110,130,60,6,False
701,hawlucha,fighting,flying,500,78,92,75,74,63,118,6,False
702,dedenne,electric,fairy,431,67,58,57,81,67,101,6,False
703,carbink,rock,fairy,500,50,50,150,50,150,50,6,False
704,goomy,dragon,,300,45,50,35,55,75,40,6,False
705,sliggoo,dragon,,452,68,75,53,83,113,60,6,False
706,goodra,dragon,,600,90,100,70,110,150,80,6,False
707,klefki,steel,fairy,470,57,80,91,80,87,75,6,False
708,phantump,ghost,grass,309,43,70,48,50,60,38,6,False
709,trevenant,ghost,grass,474,85,110,76,65,82,56,6,False
710,pumpkaboo-average,ghost,grass,335,49,66,70,44,55,51,6,False
711,gourgeist-average,ghost,grass,494,65,90,122,58,75,84,6,False
712,bergmite,ice,,304,55,69,85,32,35,28,6,False
713,avalugg,ice,,514,95,117,184,44,46,28,6,False
714,noibat,flying,dragon,245,40,30,35,45,40,55,6,False
715,noivern,flying,dragon,535,85,70,80,97,80,123,6,False
716,xerneas,fairy,,680,126,131,95,131,98,99,6,True
717,yveltal,dark,flying,680,126,131,95,131,98,99,6,True
718,zygarde-50,dragon,ground,600,108,100,121,81,95,95,6,True
719,diancie,rock,fairy,600,50,100,150,100,150,50,6,False
720,hoopa,psychic,ghost,600,80,110,60,150,130,70,6,False
721,volcanion,fire,water,600,80,110,120,130,90,70,6,False
722,rowlet,grass,flying,320,68,55,55,50,50,42,7,False
723,dartrix,grass,flying,420,78,75,75,70,70,52,7,False
724,decidueye,grass,ghost,530,78,107,75,100,100,70,7,False
725,litten,fire,,320,45,65,40,60,40,70,7,False
726,torracat,fire,,420,65,85,50,80,50,90,7,False
727,incineroar,fire,dark,530,95,115,90,80,90,60,7,False
728,popplio,water,,320,50,54,54,66,56,40,7,False
729,brionne,water,,420,60,69,69,91,81,50,7,False
730,primarina,water,fairy,530,80,74,74,126,116,60,7,False
731,pikipek,normal,flying,265,35,75,30,30,30,65,7,False
732,trumbeak,normal,flying,355,55,85,50,40,50,75,7,False
733,toucannon,normal,flying,485,80,120,75,75,75,60,7,False
734,yungoos,normal,,253,48,70,30,30,30,45,7,False
735,gumshoos,normal,,418,88,110,60,55,60,45,7,False
736,grubbin,bug,,300,47,62,45,55,45,46,7,False
737,charjabug,bug,electric,400,57,82,95,55,75,36,7,False
738,vikavolt,bug,electric,500,77,70,90,145,75,43,7,False
739,crabrawler,fighting,,338,47,82,57,42,47,63,7,False
740,crabominable,fighting,ice,478,97,132,77,62,67,43,7,False
741,oricorio-baile,fire,flying,476,75,70,70,98,70,93,7,False
742,cutiefly,bug,fairy,304,40,45,40,55,40,84,7,False
743,ribombee,bug,fairy,464,60,55,60,95,70,124,7,False
744,rockruff,rock,,280,45,65,40,30,40,60,7,False
745,lycanroc-midday,rock,,487,75,115,65,55,65,112,7,False
746,wishiwashi-solo,water,,175,45,20,20,25,25,40,7,False
747,mareanie,poison,water,305,50,53,62,43,52,45,7,False
748,toxapex,poison,water,495,50,63,152,53,142,35,7,False
749,mudbray,ground,,385,70,100,70,45,55,45,7,False
750,mudsdale,ground,,500,100,125,100,55,85,35,7,False
751,dewpider,water,bug,269,38,40,52,40,72,27,7,False
752,araquanid,water,bug,454,68,70,92,50,132,42,7,False
753,fomantis,grass,,250,40,55,35,50,35,35,7,False
754,lurantis,grass,,480,70,105,90,80,90,45,7,False
755,morelull,grass,fairy,285,40,35,55,65,75,15,7,False
756,shiinotic,grass,fairy,405,60,45,80,90,100,30,7,False
757,salandit,poison,fire,320,48,44,40,71,40,77,7,False
758,salazzle,poison,fire,480,68,64,60,111,60,117,7,False
759,stufful,normal,fighting,340,70,75,50,45,50,50,7,False
760,bewear,normal,fighting,500,120,125,80,55,60,60,7,False
761,bounsweet,grass,,210,42,30,38,30,38,32,7,False
762,steenee,grass,,290,52,40,48,40,48,62,7,False
763,tsareena,grass,,510,72,120,98,50,98,72,7,False
764,comfey,fairy,,485,51,52,90,82,110,100,7,False
765,oranguru,normal,psychic,490,90,60,80,90,110,60,7,False
766,passimian,fighting,,490,100,120,90,40,60,80,7,False
767,wimpod,bug,water,230,25,35,40,20,30,80,7,False
768,golisopod,bug,water,530,75,125,140,60,90,40,7,False
769,sandygast,ghost,ground,320,55,55,80,70,45,15,7,False
770,palossand,ghost,ground,480,85,75,110,100,75,35,7,False
771,pyukumuku,water,,410,55,60,130,30,130,5,7,False
772,type-null,normal,,534,95,95,95,95,95,59,7,False
773,silvally,normal,,570,95,95,95,95,95,95,7,True
774,minior-red-meteor,rock,flying,440,60,60,100,60,100,60,7,False
775,komala,normal,,480,65,115,65,75,95,65,7,False
776,turtonator,fire,dragon,485,60,78,135,91,85,36,7,False
777,togedemaru,electric,steel,435,65,98,63,40,73,96,7,False
778,mimikyu-disguised,ghost,fairy,476,55,90,80,50,105,96,7,False
779,bruxish,water,psychic,475,68,105,70,70,70,92,7,False
780,drampa,normal,dragon,485,78,60,85,135,91,36,7,False
781,dhelmise,ghost,grass,517,70,131,100,86,90,40,7,False
782,jangmo-o,dragon,,300,45,55,65,45,45,45,7,False
783,hakamo-o,dragon,fighting,420,55,75,90,65,70,65,7,False
784,kommo-o,dragon,fighting,600,75,110,125,100,105,85,7,False
785,tapu-koko,electric,fairy,570,70,115,85,95,75,130,7,True
786,tapu-lele,psychic,fairy,570,70,85,75,130,115,95,7,True
787,tapu-bulu,grass,fairy,570,70,130,115,85,95,75,7,True
788,tapu-fini,water,fairy,570,70,75,115,95,130,85,7,True
789,cosmog,psychic,,200,43,29,31,29,31,37,7,True
790,cosmoem,psychic,,400,43,29,131,29,131,37,7,True
791,solgaleo,psychic,steel,680,137,137,107,113,89,97,7,True
792,lunala,psychic,ghost,680,137,113,89,137,107,97,7,True
793,nihilego,rock,poison,570,109,53,47,127,131,103,7,False
794,buzzwole,bug,fighting,570,107,139,139,53,53,79,7,False
795,pheromosa,bug,fighting,570,71,137,37,137,37,151,7,False
796,xurkitree,electric,,570,83,89,71,173,71,83,7,False
797,celesteela,steel,flying,570,97,101,103,107,101,61,7,False
798,kartana,grass,steel,570,59,181,131,59,31,109,7,False
799,guzzlord,dark,dragon,570,223,101,53,97,53,43,7,False
800,necrozma,psychic,,600,97,107,101,127,89,79,7,True
801,magearna,steel,fairy,600,80,95,115,130,115,65,7,False
802,marshadow,fighting,ghost,600,90,125,80,90,90,125,7,False
803,poipole,poison,,420,67,73,67,73,67,73,7,False
804,naganadel,poison,dragon,540,73,73,73,127,73,121,7,False
805,stakataka,rock,steel,570,61,131,211,53,101,13,7,False
806,blacephalon,fire,ghost,570,53,127,53,151,79,107,7,False
807,zeraora,electric,,600,88,112,75,102,80,143,7,False
808,meltan,steel,,300,46,65,65,55,35,34,7,False
809,melmetal,steel,,600,135,143,143,80,65,34,7,False
810,grookey,grass,,310,50,65,50,40,40,65,8,False
811,thwackey,grass,,420,70,85,70,55,60,80,8,False
812,rillaboom,grass,,530,100,125,90,60,70,85,8,False
813,scorbunny,fire,,310,50,71,40,40,40,69,8,False
814,raboot,fire,,420,65,86,60,55,60,94,8,False
815,cinderace,fire,,530,80,116,75,65,75,119,8,False
816,sobble,water,,310,50,40,40,70,40,70,8,False
817,drizzile,water,,420,65,60,55,95,55,90,8,False
818,inteleon,water,,530,70,85,65,125,65,120,8,False
819,skwovet,normal,,275,70,55,55,35,35,25,8,False
820,greedent,normal,,460,120,95,95,55,75,20,8,False
821,rookidee,flying,,245,38,47,35,33,35,57,8,False
822,corvisquire,flying,,365,68,67,55,43,55,77,8,False
823,corviknight,flying,steel,495,98,87,105,53,85,67,8,False
824,blipbug,bug,,180,25,20,20,25,45,45,8,False
825,dottler,bug,psychic,335,50,35,80,50,90,30,8,False
826,orbeetle,bug,psychic,505,60,45,110,80,120,90,8,False
827,nickit,dark,,245,40,28,28,47,52,50,8,False
828,thievul,dark,,455,70,58,58,87,92,90,8,False
829,gossifleur,grass,,250,40,40,60,40,60,10,8,False
830,eldegoss,grass,,460,60,50,90,80,120,60,8,False
831,wooloo,normal,,270,42,40,55,40,45,48,8,False
832,dubwool,normal,,490,72,80,100,60,90,88,8,False
833,chewtle,water,,284,50,64,50,38,38,44,8,False
834,drednaw,water,rock,485,90,115,90,48,68,74,8,False
835,yamper,electric,,270,59,45,50,40,50,26,8,False
836,boltund,electric,,490,69,90,60,90,60,121,8,False
837,rolycoly,rock,,240,30,40,50,40,50,30,8,False
838,carkol,rock,fire,410,80,60,90,60,70,50,8,False
839,coalossal,rock,fire,510,110,80,120,80,90,30,8,False
840,applin,grass,dragon,260,40,40,80,40,40,20,8,False
841,flapple,grass,dragon,485,70,110,80,95,60,70,8,False
842,appletun,grass,dragon,485,110,85,80,100,80,30,8,False
843,silicobra,ground,,315,52,57,75,35,50,46,8,False
844,sandaconda,ground,,510,72,107,125,65,70,71,8,False
845,cramorant,flying,water,475,70,85,55,85,95,85,8,False
846,arrokuda,water,,280,41,63,40,40,30,66,8,False
847,barraskewda,water,,490,61,123,60,60,50,136,8,False
848,toxel,electric,poison,242,40,38,35,54,35,40,8,False
849,toxtricity-amped,electric,poison,502,75,98,70,114,70,75,8,False
850,sizzlipede,fire,bug,305,50,65,45,50,50,45,8,False
851,centiskorch,fire,bug,525,100,115,65,90,90,65,8,False
852,clobbopus,fighting,,310,50,68,60,50,50,32,8,False
853,grapploct,fighting,,480,80,118,90,70,80,42,8,False
854,sinistea,ghost,,308,40,45,45,74,54,50,8,False
855,polteageist,ghost,,508,60,65,65,134,114,70,8,False
856,hatenna,psychic,,265,42,30,45,56,53,39,8,False
857,hattrem,psychic,,370,57,40,65,86,73,49,8,False
858,hatterene,psychic,fairy,510,57,90,95,136,103,29,8,False
859,impidimp,dark,fairy,265,45,45,30,55,40,50,8,False
860,morgrem,dark,fairy,370,65,60,45,75,55,70,8,False
861,grimmsnarl,dark,fairy,510,95,120,65,95,75,60,8,False
862,obstagoon,dark,normal,520,93,90,101,60,81,95,8,False
863,perrserker,steel,,440,70,110,100,50,60,50,8,False
864,cursola,ghost,,510,60,95,50,145,130,30,8,False
865,sirfetchd,fighting,,507,62,135,95,68,82,65,8,False
866,mr-rime,ice,psychic,520,80,85,75,110,100,70,8,False
867,runerigus,ground,ghost,483,58,95,145,50,105,30,8,False
868,milcery,fairy,,270,45,40,40,50,61,34,8,False
869,alcremie,fairy,,495,65,60,75,110,121,64,8,False
870,falinks,fighting,,470,65,100,100,70,60,75,8,False
871,pincurchin,electric,,435,48,101,95,91,85,15,8,False
872,snom,ice,bug,185,30,25,35,45,30,20,8,False
873,frosmoth,ice,bug,475,70,65,60,125,90,65,8,False
874,stonjourner,rock,,470,100,125,135,20,20,70,8,False
875,eiscue-ice,ice,,470,75,80,110,65,90,50,8,False
876,indeedee-male,psychic,normal,475,60,65,55,105,95,95,8,False
877,morpeko-full-belly,electric,dark,436,58,95,58,70,58,97,8,False
878,cufant,steel,,330,72,80,49,40,49,40,8,False
879,copperajah,steel,,500,122,130,69,80,69,30,8,False
880,dracozolt,electric,dragon,505,90,100,90,80,70,75,8,False
881,arctozolt,electric,ice,505,90,100,90,90,80,55,8,False
882,dracovish,water,dragon,505,90,90,100,70,80,75,8,False
883,arctovish,water,ice,505,90,90,100,80,90,55,8,False
884,duraludon,steel,dragon,535,70,95,115,120,50,85,8,False
885,dreepy,dragon,ghost,270,28,60,30,40,30,82,8,False
886,drakloak,dragon,ghost,410,68,80,50,60,50,102,8,False
887,dragapult,dragon,ghost,600,88,120,75,100,75,142,8,False
888,zacian,fairy,,660,92,120,115,80,115,138,8,True
889,zamazenta,fighting,,660,92,120,115,80,115,138,8,True
890,eternatus,poison,dragon,690,140,85,95,145,95,130,8,True
891,kubfu,fighting,,385,60,90,60,53,50,72,8,True
892,urshifu-single-strike,fighting,dark,550,100,130,100,63,60,97,8,True
893,zarude,dark,grass,600,105,120,105,70,95,105,8,False
894,regieleki,electric,,580,80,100,50,100,50,200,8,True
895,regidrago,dragon,,580,200,100,50,100,50,80,8,True
896,glastrier,ice,,580,100,145,130,65,110,30,8,True
897,spectrier,ghost,,580,100,65,60,145,80,130,8,True
898,calyrex,psychic,grass,500,100,80,80,80,80,80,8,True
899,wyrdeer,normal,psychic,525,103,105,72,105,75,65,8,False
900,kleavor,bug,rock,500,70,135,95,45,70,85,8,False
901,ursaluna,ground,normal,550,130,140,105,45,80,50,8,False
902,basculegion-male,water,ghost,530,120,112,65,80,75,78,8,False
903,sneasler,fighting,poison,510,80,130,60,40,80,120,8,False
904,overqwil,dark,poison,510,85,115,95,65,65,85,8,False
905,enamorus-incarnate,fairy,flying,580,74,115,70,135,80,106,8,True
906,sprigatito,grass,,310,40,61,54,45,45,65,9,False
907,floragato,grass,,410,61,80,63,60,63,83,9,False
908,meowscarada,grass,dark,530,76,110,70,81,70,123,9,False
909,fuecoco,fire,,310,67,45,59,63,40,36,9,False
910,crocalor,fire,,411,81,55,78,90,58,49,9,False
911,skeledirge,fire,ghost,530,104,75,100,110,75,66,9,False
912,quaxly,water,,310,55,65,45,50,45,50,9,False
913,quaxwell,water,,410,70,85,65,65,60,65,9,False
914,quaquaval,water,fighting,530,85,120,80,85,75,85,9,False
915,lechonk,normal,,254,54,45,40,35,45,35,9,False
916,oinkologne,normal,,489,110,100,75,59,80,65,9,False
917,tarountula,bug,,210,35,41,45,29,40,20,9,False
918,spidops,bug,,404,60,79,92,52,86,35,9,False
919,nymble,bug,,210,33,46,40,21,25,45,9,False
920,lokix,bug,dark,450,71,102,78,52,55,92,9,False
921,pawmi,electric,,240,45,50,20,40,25,60,9,False
922,pawmo,electric,fighting,350,60,75,40,50,40,85,9,False
923,pawmot,electric,fighting,490,70,115,70,70,60,105,9,False
924,tandemaus,normal,,305,50,50,45,40,45,75,9,False
925,maushold,normal,,470,74,75,70,65,75,111,9,False
926,fidough,fairy,,312,37,55,70,30,55,65,9,False
927,dachsbun,fairy,,477,57,80,115,50,80,95,9,False
928,smoliv,grass,normal,260,41,35,45,58,51,30,9,False
929,dolliv,grass,normal,354,52,53,60,78,78,33,9,False
930,arboliva,grass,normal,510,78,69,90,125,109,39,9,False
931,squawkabilly,normal,flying,417,82,96,51,45,51,92,9,False
932,nacli,rock,,280,55,55,75,35,35,25,9,False
933,naclstack,rock,,355,60,60,100,35,65,35,9,False
934,garganacl,rock,,500,100,100,130,45,90,35,9,False
935,charcadet,fire,,255,40,50,40,50,40,35,9,False
936,armarouge,fire,psychic,525,85,60,100,125,80,75,9,False
937,ceruledge,fire,ghost,525,75,125,80,60,100,85,9,False
938,tadbulb,electric,,272,61,31,41,59,35,45,9,False
939,bellibolt,electric,,495,109,64,91,103,83,45,9,False
940,wattrel,electric,flying,280,40,40,35,55,40,70,9,False
941,kilowattrel,electric,flying,490,70,70,60,105,60,125,9,False
942,maschiff,dark,,340,60,78,60,40,51,51,9,False
943,mabosstiff,dark,,505,80,120,90,60,70,85,9,False
944,shroodle,poison,normal,290,40,65,35,40,35,75,9,False
945,grafaiai,poison,normal,485,63,95,65,80,72,110,9,False
946,bramblin,grass,ghost,275,40,65,30,45,35,60,9,False
947,brambleghast,grass,ghost,480,55,115,70,80,70,90,9,False
948,toedscool,ground,grass,335,40,40,35,50,100,70,9,False
949,toedscruel,ground,grass,515,80,70,65,80,120,100,9,False
950,klawf,rock,,450,70,100,115,35,55,75,9,False
951,capsakid,grass,,304,50,62,40,62,40,50,9,False
952,scovillain,grass,fire,486,65,108,65,108,65,75,9,False
953,rellor,bug,,270,41,50,60,31,58,30,9,False
954,rabsca,bug,psychic,470,75,50,85,115,100,45,9,False
955,flittle,psychic,,255,30,35,30,55,30,75,9,False
956,espathra,psychic,,481,95,60,60,101,60,105,9,False
957,tinkatink,fairy,steel,297,50,45,45,35,64,58,9,False
958,tinkatuff,fairy,steel,380,65,55,55,45,82,78,9,False
959,tinkaton,fairy,steel,506,85,75,77,70,105,94,9,False
960,wiglett,water,,245,10,55,25,35,25,95,9,False
961,wugtrio,water,,425,35,100,50,50,70,120,9,False
962,bombirdier,flying,dark,485,70,103,85,60,85,82,9,False
963,finizen,water,,315,70,45,40,45,40,75,9,False
964,palafin,water,,457,100,70,72,53,62,100,9,False
965,varoom,steel,poison,300,45,70,63,30,45,47,9,False
966,revavroom,steel,poison,500,80,119,90,54,67,90,9,False
967,cyclizar,dragon,normal,501,70,95,65,85,65,121,9,False
968,orthworm,steel,,480,70,85,145,60,55,65,9,False
969,glimmet,rock,poison,350,48,35,42,105,60,60,9,False
970,glimmora,rock,poison,525,83,55,90,130,81,86,9,False
971,greavard,ghost,,290,50,61,60,30,55,34,9,False
972,houndstone,ghost,,488,72,101,100,50,97,68,9,False
973,flamigo,flying,fighting,500,82,115,74,75,64,90,9,False
974,cetoddle,ice,,334,108,68,45,30,40,43,9,False
975,cetitan,ice,,521,170,113,65,45,55,73,9,False
976,veluza,water,psychic,478,90,102,73,78,65,70,9,False
977,dondozo,water,,530,150,100,115,65,65,35,9,False
978,tatsugiri,dragon,water,475,68,50,60,120,95,82,9,False
979,annihilape,fighting,ghost,535,110,115,80,50,90,90,9,False
980,clodsire,poison,ground,430,130,75,60,45,100,20,9,False
981,farigiraf,normal,psychic,520,120,90,70,110,70,60,9,False
982,dudunsparce,normal,,520,125,100,80,85,75,55,9,False
983,kingambit,dark,steel,550,100,135,120,60,85,50,9,False
984,great-tusk,ground,fighting,570,115,131,131,53,53,87,9,False
985,scream-tail,fairy,psychic,570,115,65,99,65,115,111,9,False
986,brute-bonnet,grass,dark,570,111,127,99,79,99,55,9,False
987,flutter-mane,ghost,fairy,570,55,55,55,135,135,135,9,False
988,slither-wing,bug,fighting,570,85,135,79,85,105,81,9,False
989,sandy-shocks,electric,ground,570,85,81,97,121,85,101,9,False
990,iron-treads,ground,steel,570,90,112,120,72,70,106,9,False
991,iron-bundle,ice,water,570,56,80,114,124,60,136,9,False
992,iron-hands,fighting,electric,570,154,140,108,50,68,50,9,False
993,iron-jugulis,dark,flying,570,94,80,86,122,80,108,9,False
994,iron-moth,fire,poison,570,80,70,60,140,110,110,9,False
995,iron-thorns,rock,electric,570,100,134,110,70,84,72,9,False
996,frigibax,dragon,ice,320,65,75,45,35,45,55,9,False
997,arctibax,dragon,ice,423,90,95,66,45,65,62,9,False
998,baxcalibur,dragon,ice,600,115,145,92,75,86,87,9,False
999,gimmighoul,ghost,,300,45,30,70,75,70,10,9,False
1000,gholdengo,steel,ghost,550,87,60,95,133,91,84,9,False
1001,wo-chien,dark,grass,570,85,85,100,95,135,70,9,True
1002,chien-pao,dark,ice,570,80,120,80,90,65,135,9,True
1003,ting-lu,dark,ground,570,155,110,125,55,80,45,9,True
1004,chi-yu,dark,fire,570,55,80,80,135,120,100,9,True
1005,roaring-moon,dragon,dark,590,105,139,71,55,101,119,9,False
1006,iron-valiant,fairy,fighting,590,74,130,90,120,60,116,9,False
1007,koraidon,fighting,dragon,670,100,135,115,85,100,135,9,True
1008,miraidon,electric,dragon,670,100,85,100,135,115,135,9,True
1009,walking-wake,water,dragon,590,99,83,91,125,83,109,9,False
1010,iron-leaves,grass,psychic,590,90,130,88,70,108,104,9,False
1011,dipplin,grass,dragon,485,80,80,110,95,80,40,9,False
1012,poltchageist,grass,ghost,308,40,45,45,74,54,50,9,False
1013,sinistcha,grass,ghost,508,71,60,106,121,80,70,9,False
1014,okidogi,poison,fighting,555,88,128,115,58,86,80,9,True
1015,munkidori,poison,psychic,555,88,75,66,130,90,106,9,True
1016,fezandipiti,poison,fairy,555,88,91,82,70,125,99,9,True
1017,ogerpon,grass,,550,80,120,84,60,96,110,9,True
